iteration,cosine_min,cosine_max,cosine_avg,bert_min,bert_max,bert_avg
1,0.04745416472867116,0.6002368622994844,0.3264187703984609,0.8233780860900879,0.9263023734092712,0.8753998152414958
2,0.04599306914618001,0.5922957740450224,0.32512151390966026,0.8273187279701233,0.9137963652610779,0.8748857589562734
3,0.0466658343045741,0.6344074653969458,0.3301598709608173,0.8254303932189941,0.9232844710350037,0.8753241868813832
4,0.05180292726713452,0.618875753171538,0.33190487657903317,0.8245127201080322,0.9275046586990356,0.8746075065930684
5,0.039153433664520274,0.6099129544054517,0.3268171473155171,0.824028491973877,0.9105484485626221,0.8750181958179346
Overall,0.039153433664520274,0.6344074653969458,0.32808612780668595,0.8233780860900879,0.9275046586990356,0.8750471312786454
