project,classes,avg_cosine,avg_bert_precision,avg_bert_recall,avg_bert_f1,combined_score
AbdurRKhalid,56,0.3700543153627111,0.8743535,0.8966069,0.88519996,0.6276271397045947
JamesZBL,61,0.36493890064021733,0.8731782,0.88683325,0.8798774,0.6224081445587714
Spring-Framework,33,0.22043059110775615,0.8574999,0.8850576,0.87096584,0.5456982147700341
