project,classes,avg_cosine,avg_bert_precision,avg_bert_recall,avg_bert_f1,combined_score
AbdurRKhalid,56,0.3779380136644318,0.87444127,0.8980264,0.8859078,0.6319229212361313
JamesZBL,61,0.3478451969582817,0.8708056,0.8856481,0.8780709,0.6129580439308773
Spring-Framework,33,0.2044148112539269,0.8539999,0.88485533,0.86906177,0.5367382896544446
