project,classes,avg_cosine,avg_bert_precision,avg_bert_recall,avg_bert_f1,combined_score
AbdurRKhalid,56,0.381340637650144,0.86537695,0.8972002,0.8808595,0.6311000659297168
JamesZBL,60,0.3600905274869058,0.86611253,0.88755924,0.87659913,0.6183448302507923
Spring-Framework,34,0.2209008459414849,0.850926,0.88680196,0.86840856,0.5446547033471768
