project,classes,avg_cosine,avg_bert_precision,avg_bert_recall,avg_bert_f1,combined_score
AbdurRKhalid,55,0.37495862069783875,0.8623999,0.89604807,0.87873065,0.6268446377071653
JamesZBL,60,0.3478940210434089,0.865421,0.8868325,0.87588215,0.6118880848930424
Spring Framework,33,0.23468715288626146,0.8512478,0.8885812,0.86942405,0.5520555989860843
