project,classes,avg_cosine,avg_bert_precision,avg_bert_recall,avg_bert_f1,combined_score
JamesZBL,60,0.19626064200598348,0.8368393,0.852061,0.84414005,0.5202003474006969
AbdurRKhalid,56,0.1857194627980773,0.83975583,0.8621646,0.8505787,0.5181490940680298
Spring-Framework,34,0.07005402354245152,0.79089266,0.8557971,0.82164997,0.44585199608328324
