project,classes,avg_cosine,avg_bert_precision,avg_bert_recall,avg_bert_f1,combined_score
AbdurRKhalid,56,0.19001197950110882,0.85128623,0.86660224,0.85868293,0.5243474549853109
JamesZBL,61,0.1950650464503822,0.84634566,0.8553072,0.85061306,0.5228390520318775
Spring-Framework,33,0.07030443981894319,0.7914658,0.8556155,0.82186913,0.44608678736094864
