metric,mean,std,min,max
bleu_4,0.01983893536265355,0.009716329664365853,0.003977392548004932,0.042565061804417735
nist_4,0.7989347867588056,0.42607926765440785,0.030195322333805112,1.9513781229557057
rouge_l_f,0.1553151680148655,0.054405431185808796,0.03603603603603603,0.2857142857142857
frugal_score,0.6147876002391179,0.06587224381038517,0.4572470486164093,0.752377450466156
