metric,mean,std,min,max
bleu_4,0.017673280588566563,0.01003716380614903,0.003112477872890463,0.042565061804417735
nist_4,0.7173676614697194,0.42788613883982735,0.08139355407517747,1.9513781229557057
rouge_l_f,0.14548723109798195,0.05216160067099364,0.03260869565217391,0.2571428571428571
frugal_score,0.6119070867697398,0.0670801944879098,0.4178606867790222,0.752377450466156
