project,classes,avg_cosine,avg_bert_precision,avg_bert_recall,avg_bert_f1,combined_score
JamesZBL,60,0.1955935157922756,0.83487713,0.85163414,0.842898,0.5192457634999281
AbdurRKhalid,55,0.18628367583136032,0.8392363,0.8619147,0.85017645,0.5182300647108767
Spring Framework,33,0.07268962446128292,0.79154164,0.8558175,0.82200754,0.44734858067470273
