method,projects_evaluated,classes_evaluated,avg_cosine,avg_bert_precision,avg_bert_recall,avg_bert_f1,combined_score,cosine_std,bert_f1_std
NLG,3,150,0.1637184349166313,0.827513575553894,0.8566797971725464,0.841446042060852,0.5025822384887417,0.07763974480515261,0.023498784750699997
SWUM,3,150,0.2451959605131336,0.8854024410247803,0.8587692379951477,0.8714901804924011,0.5583430705027673,0.0989713830600065,0.01676030457019806
dps_llm,3,150,0.3364742407975526,0.8623956441879272,0.8909869194030762,0.8763332366943359,0.6064037387459442,0.1268817905165596,0.01731722615659237
