method,projects_evaluated,classes_evaluated,avg_cosine,avg_bert_precision,avg_bert_recall,avg_bert_f1,combined_score,cosine_std,bert_f1_std
NLG,3,148,0.16472953192894385,0.826834499835968,0.8563873767852783,0.840944766998291,0.5028371494636175,0.07743579836493378,0.02389407716691494
SWUM,3,148,0.23693466596955495,0.8777775168418884,0.8584837317466736,0.86737459897995,0.5521546324747525,0.1095688487851792,0.023392725735902786
dps_llm,3,148,0.3327097395015696,0.8611380457878113,0.8906470537185669,0.8755007386207581,0.6041052390611639,0.11929764242854628,0.01782437413930893
