method,projects_evaluated,classes_evaluated,avg_cosine,avg_bert_precision,avg_bert_recall,avg_bert_f1,combined_score,cosine_std,bert_f1_std
NLG,3,150,0.16573123466373688,0.8361165523529053,0.8595919013023376,0.8473020792007446,0.5065166569322408,0.0796819999999291,0.022783981636166573
SWUM,3,150,0.2532283923850198,0.8931825757026672,0.8589327931404114,0.8754246234893799,0.5643265079371999,0.10137983694345092,0.017377978190779686
LLM (Mixtral),3,150,0.33505682737280684,0.8701677322387695,0.8900913596153259,0.8799039721488953,0.6074803997608511,0.1347826790711588,0.018756991252303123
LLM (Non-Concise 50),3,150,0.32752516367361967,0.8684656620025635,0.8900949358940125,0.8790146708488464,0.603269917261233,0.12860263693701424,0.018755938857793808
