project,classes,avg_cosine,avg_bert_precision,avg_bert_recall,avg_bert_f1,combined_score
AbdurRKhalid,56,0.2922379470829556,0.9003169,0.8635005,0.88126165,0.5867497969152724
JamesZBL,61,0.2632821402925179,0.8937587,0.85040224,0.871236,0.5672590832897983
Spring-Framework,33,0.16844615949284442,0.88001037,0.86695004,0.8732617,0.5208539248163074
