project,classes,avg_cosine,avg_bert_precision,avg_bert_recall,avg_bert_f1,combined_score
AbdurRKhalid,55,0.2801942673352205,0.8897465,0.86512554,0.8768942,0.5785442216707688
JamesZBL,60,0.2547851530765261,0.8832105,0.84915644,0.8653632,0.5600741668569429
Spring Framework,33,0.13237989925652846,0.84795094,0.86437285,0.85516596,0.49377292883053475
