project,classes,avg_cosine,avg_bert_precision,avg_bert_recall,avg_bert_f1,combined_score
AbdurRKhalid,56,0.27709357710215987,0.88955104,0.86432254,0.8763866,0.5767400799767849
JamesZBL,60,0.25887800709598935,0.884857,0.8488534,0.86600006,0.562439031681387
Spring-Framework,34,0.16851392157322723,0.8795322,0.86712086,0.87311375,0.5208138364923326
